id,model,dataset,language,mode,max_tokens,gold,pred,valid,correct,raw_output_length,raw_output
gsm8k_test_000000,llama-3.1-8b-ft-en,gsm8k,en,direct,4096,18,18,1,1,764,"system

Cutting Knowledge Date: December 2023
Today Date: 26 Jul 2024

user

You are a careful math tutor. Solve the following problem step by step.
At the end, output ONLY the final numeric answer on a line starting with:
#### <number>

Problem:
Janetâ€™s ducks lay 16 eggs per day. She eats three for breakfast every morning and bakes muffins for her friends every day with four. She sells the remainder at the farmers' market daily for $2 per fresh duck egg. How much in dollars does she make every day at the farmers' market?assistant

Janet lays 16 eggs daily.  She eats 3 for breakfast and bakes 4 muffins.  That means she has 16 - 3 - 4 = <<16-3-4=9>>9 eggs left.
She sells the eggs at the market for $2 each, so she makes 9 x 2 = $<<9*2=18>>18 daily.
#### 18"
gsm8k_test_000001,llama-3.1-8b-ft-en,gsm8k,en,direct,4096,3,3,1,1,782,"system

Cutting Knowledge Date: December 2023
Today Date: 26 Jul 2024

user

You are a careful math tutor. Solve the following problem step by step.
At the end, output ONLY the final numeric answer on a line starting with:
#### <number>

Problem:
A robe takes 2 bolts of blue fiber and half that much white fiber.  How many bolts in total does it take?assistant

First, we need to determine how many bolts of white fiber are required to make a robe.
Since the robe takes half that much white fiber as blue fiber, then it takes 2 bolts * 1/2 = <<2*1/2=1>>1 bolt of white fiber.
Next, we add the number of bolts of blue fiber to the number of bolts of white fiber to find the total.
Total bolts = bolts of blue fiber + bolts of white fiber = 2 bolts + 1 bolt = <<2+1=3>>3 bolts
#### 3"
gsm8k_test_000002,llama-3.1-8b-ft-en,gsm8k,en,direct,4096,70000,0,1,0,951,"system

Cutting Knowledge Date: December 2023
Today Date: 26 Jul 2024

user

You are a careful math tutor. Solve the following problem step by step.
At the end, output ONLY the final numeric answer on a line starting with:
#### <number>

Problem:
Josh decides to try flipping a house.  He buys a house for $80,000 and then puts in $50,000 in repairs.  This increased the value of the house by 150%.  How much profit did he make?assistant

To calculate the value of the house after Josh added $50,000 in repairs, we need to multiply the original price by 150%, or 1.5, and then add the $50,000 in repairs to the original price.

Original price + repairs = $80,000 + $50,000 = $130,000

Since Josh wants to know the profit he made, we need to subtract the cost of the house and repairs from the value of the house after repairs.

Profit = Value of house after repairs - Cost of house and repairs
Profit = $130,000 - $80,000 - $50,000
Profit = $0

#### 0"
gsm8k_test_000003,llama-3.1-8b-ft-en,gsm8k,en,direct,4096,540,180,1,0,875,"system

Cutting Knowledge Date: December 2023
Today Date: 26 Jul 2024

user

You are a careful math tutor. Solve the following problem step by step.
At the end, output ONLY the final numeric answer on a line starting with:
#### <number>

Problem:
James decides to run 3 sprints 3 times a week.  He runs 60 meters each sprint.  How many total meters does he run a week?assistant

Step 1: First, we need to find out how many meters James runs per sprint. James runs 60 meters each sprint.
Step 2: Next, we need to find out how many meters James runs per week. James runs 3 sprints 3 times a week, so we multiply the number of meters he runs per sprint by the number of sprints he runs per week. meters_per_sprint = 60, sprints_per_week = 3, meters_per_week = meters_per_sprint * sprints_per_week = 60 * 3 = 180
Step 3: Now we know that James runs 180 meters per week.

#### 180"
gsm8k_test_000004,llama-3.1-8b-ft-en,gsm8k,en,direct,4096,20,267,1,0,1689,"system

Cutting Knowledge Date: December 2023
Today Date: 26 Jul 2024

user

You are a careful math tutor. Solve the following problem step by step.
At the end, output ONLY the final numeric answer on a line starting with:
#### <number>

Problem:
Every day, Wendi feeds each of her chickens three cups of mixed chicken feed, containing seeds, mealworms and vegetables to help keep them healthy.  She gives the chickens their feed in three separate meals. In the morning, she gives her flock of chickens 15 cups of feed.  In the afternoon, she gives her chickens another 25 cups of feed.  How many cups of feed does she need to give her chickens in the final meal of the day if the size of Wendi's flock is 20 chickens?assistant

Step 1: Calculate the total cups of feed the chickens get in the morning and the afternoon.
15 cups in the morning + 25 cups in the afternoon = 40 cups of feed
Step 2: Calculate the total number of cups of feed the chickens get per day.
Since there are 3 meals, and the chickens get 40 cups of feed in 2 meals, each meal has 40 cups / 3 = <<40/3=13.333333333333332>>13.333333333333332 cups of feed
Step 3: Multiply the number of chickens by the cups of feed each chicken gets per meal to calculate the number of cups of feed Wendi needs for the final meal.
20 chickens * 13.333333333333332 cups/chicken = <<20*13.333333333333332=266.66666666666666>>266.66666666666666 cups of feed
Step 4: Since Wendi cannot give the chickens a fraction of a cup of feed, she will round up to the nearest whole number of cups of feed to ensure each chicken gets at least the minimum amount needed.
Round 266.66666666666666 to the nearest whole number: 267 cups of feed
#### 267"
